﻿compound_name;molecular_mass
cyanidin-3-(6'-malonylglucoside);535.1087
kaempferol_3-glucuronide;463.0871
pelargonidin_3-glucoside;433.1134
pelargonidin_3-O-rutinoside;579.1734
caffeic_acid;179.0353
5-caffeoylquinic_acid;353.0875
4-caffeoylquinic_acid;353.0866
p-coumaroylquinic_acid;337.0938
quercitin_3-O-glucoside;463.0878
quinic_acid;191.0545
quercetin_3-(6''-acetylglucoside);505.0987
l-chicoric_acid;473.0722
luteolin;285.0393
epicatechin-(4beta->6)-epicatechin-(4beta->8)-catechin;865.1985
catechin;289.0718
quercetin_4'-glucuronide;477.0675
ellagic_acid;300.999
salicylic_acid;137.0244
phloridzin;435.1297
2-trans-O-Feruloylglucaric acid;385.0779
kaempferol_3-(p-coumaroyl-glucoside);593.1306
sinapic_acid_glucuronide;399.0936
limonin_(17-beta-D-glucoside-);649.2503
narirutin;579.1718
hesperidin;609.1824
apigenin_3-6-di-C-glucoside;593.151
4-methoxyglucobrassicin;477.0645
glucobrassicin;447.0533
kaempferol-3-O-sophoroside;609.1461
malic_acid;133.0142
citric/isocitric_acid;191.0197
gluconic_acid;195.051
 1-O-sinapoyl-β-D-glucose;385.114
l-gulose;179.0561
myricetin;318.235
quercetin;302.236
vanillic_acid;168.14
syringic_acid;198.17
p-coumaric_acid;164.047
4-hydroxybenzoic_acid;138.12
gallic_acid;170.0125
cinnamic_acid;148.1586
epicatechin;290.26
quercetin_3-glucuronide;477.0658
kaempferol_4'-O-glucoside;448.4
Isorhamnetin-3-O-glucoside;478.4
naringenin;271.0612
petunidina_3-O-glicosideo;463.4 
delfinidina_3-O-glicosideo;465.384
delphinidin_3-O-acetylglucoside;507.4
malvidin-3-(6-coumaroyl)-glicoside;639.586
malvidina_3-O-glicoside;493.43
peonidin_3-(6''-acetylglucoside);505.4
peonidin_3-O-monoglucoside;498.09
petunidin_3-O-glicosideo;479.4
delphinidin_3-O-p_coumaroyl_glucoside;611.5 
cyanidin_3-O-coumaroylglucoside;593.5
"""malvidin_3,5-diglucoside""";655.6
rutin;610.5
p-coumaric acid;164.0473
Gallic acid;170.12
Ferulic acid;194.18
Catechin;290.26
Epicatechin;290.26
Myricetin;318.2351
Hesperetin;302.28 
Pinocembrin;256.2
Kaempferol;286.23
Luteolin;286.24
Chrysin;254.2
Apigenin;270.2
Myricetin;318.2351
Hydroxibenzoic acid;138.1
Ellagic acid;302.197
Gallic acid;170.12
Syringic acid;198.17
dihydrocapsaicin;307.4 
Capsaicin;305.4
Caffeic acid;180.16
Ferulic acid;194.18
Vanilic acid;168.15
Quercetin;302.236
Kaempferol;286.23
Hydroxibenzoic acid;138.12
Syringic acid;198.17
Myrcetin;318.2351
Coumaric acid;164.0473
Chlorogenic acid;354.31
Catechin;290.26
Gallic acid;170.12
Luteolin;286.24
Caffeic;186.16
Syringic acid;198.17
p-coumaric;164.0473
Ferulic acid;194.18
Luteolin;286.24
Rutin;610.517
Chlorogenic acid;354.31
Quercitin;302.236
Hesperetin;302.27
hydroxybenzoic acid;138.12
catechin;290.26
epicatechin;290.26
quercetin-3-o-alpha-d-arabinofuranoside;434.3
Phloretin-2'-O-glucoside;436.413
Luteolin;286.24
Quercetin;302.236
Procyanidin B1;578.5
Catechin;290.2
Chlorogenic acid;354.31
amygdalin;457.4
Procyanidin B2;578.5
Epicatechin;290.2
4-p-coumaroylquinic;338.312
Procyanidin B trimer ;866.7
Rutin;610.517
Quercetin hexoside ;463.4 
Phloretin;274.2
Gallic acid;170.0125
Caffeic acid;179.0353
Ferulic acid;194.18
Daidzin;416.4
Genistin;432.4
Glycitin;446.4
Daidzein;254.2
Genistein;270.2
Glycitein;284.2
Acetyl daidzin;430.4 
Acetyl genistin;474.4
Acetyl glycitin;488.4
Malonyl daidzin;502.4
Malonyl genistin;518.4
Malonyl glycitin;532.4
3-Hydroxybenzoic acid;138.12
4-Hydroxybenzoic acid;138.12
Elenolic acid;242.22
Hydroxyoleuropein aglycone;378.4
Hydroxytyrosol;154.16
Hydroxytyrosol acetate;196.2
Hydroxytyrosol glucoside isomer 1;316.3
Ligstroside;524.5
Oleoside 11-Methyl Ester;404.4
Oleacein;320.3
Secologanoside;390.34
Tyrosol glucoronide;314.29
Dihydromyricetin diglucoside;643.52
Dihydroquercetin diglucoside;627.52
Methyl-dihydromyricetin diglucoside;657.54
Dimethyl-dihydromyricetin diglucoside;671.57
Myricetin-3-O-glucoside;479.36
Myricetin-3-O-rhamnoside;463.36
Tricyclene;136.23
α-Pinene;136.23
Camphene;136.23
Sulcatone;126.19
β-Pinene;136.23
Octanal;126.19
β-Myrcene;136.23
α-Phellandrene;136.23
3-Carene;136.23
α-Terpinene;136.23
o-Cymene;134.2
Thujene;154.24
γ-Terpinene;136.26
2-Nonanone;154.24
2-Carene;136.23
Linalool;154.24
2-Pinanol;154.24
Camphor;152.23
Camphene hydrate;154.24
Citronellal;154.24
Isoborneol;154.24
Borneol;154.24
α-Terpineol;154.24
Isocarveol;152.23
Geraniol;154.24
Citral;152.23
2-Undecanone;170.29
2-Undecanol ;172.3
δ-Elemene;204.34
Citronellyl acetate;198.3
α-Cubebene;204.34
Geranyl acetate;196.28
Copaene;204.34
Elemene;204.34
β-Elemene;204.34
Zingiberene;204.34
Caryophyllene;204.34
α-Santalene;204.34
β-Cubebene;204.34
γ-Elemene;204.34
α-Bergamotene;204.34
"""Guaia-1(10),11-diene""";204.34
Isocaryophyllene;204.34
(Z)-β-Farnesene;204.34
γ-Gurjunene;204.34
α-Curcumene;204.34
β-Eudesmene;204.34
α-Zingiberene;204.34
α-Farnesene;204.34
β-Sesquiphellandrene;204.34
Elemol;222.36
trans-Nerolidol ;222.36
7-epi-cis-sesquisabinene hydrate;222.36
Tricyclene;136.23
α-Thujene;136.23
3-Carene;136.23
Camphene;136.23
cis-Pinen-3-ol ;126.19
p-Cymene;134.2
β-Phellandrene;136.23
β-Pinene;136.23
β-Myrcene;136.23
α-Phellandrene;136.23
δ-3-carene ;136.23
α-Terpinene;136.23
o-Cymene;136.23
D-Limonene;136.23
α-Pinene;136.23
 cis-β-Ocimene;136.23
γ-Terpinene;136.23
trans-Sabinene hydrate;154.24
"""Benzene-2-ethenyl-1,3-dimethyl""";132.2
α-Terpinolene;136.23
"""p-Menth-2-en-1-ol, trans""";154.24
α-Phellandrene-8-ol ;152.23
Cryptone;138.2
cis-Sabinol;152.23
cis-Verbenol;152.23
Linalyl acetate;196.28
"""Borneol-acetate""";196.28
δ-EIemene;204.34
Citronellol acetate;198.3
cis-Geranyl acetate;196.28
Copaene;204.34
α-Gurjunene ;204.34
Caryophyllene;204.34
α-Bergamotene ;204.34
α-Caryophyllene;204.34
Aromandendrene;204.34
β-Copaene;204.34
γ-Muurolene;204.34
γ-Cadinene;204.34
γ-Elemene;204.34
α-Ylangene;204.34
Eremophilene;204.34
γ-Muurolene;204.34
β-Cadinene;204.34
Elemol;222.36
γ-Elemene;204.34
Spathulenol;220.34
Caryophyllene oxide;220.34
β-Eudesmol;222.36
α-Eudesmol ;222.36
γ-Eudesmol;222.36
Elemol;222.36
β-Gurjunene;204.34
