compound_id,compound_name
1,cyanidin-3-(6'-malonylglucoside)
2,kaempferol_3-glucuronide
3,pelargonidin_3-glucoside
4,pelargonidin_3-O-rutinoside
5,caffeic_acid
6,5-caffeoylquinic_acid
7,4-caffeoylquinic_acid
8,p-coumaroylquinic_acid
9,"3,5-dicaffeoylquinic_acid"
10,quercitin_3-O-glucoside
11,quinic_acid
12,quercetin_3-(6''-acetylglucoside)
13,l-chicoric_acid
14,luteolin
15,epicatechin-(4beta->6)-epicatechin-(4beta->8)-catechin
16,catechin
17,quercetin_4'-glucuronide
18,ellagic_acid
19,salicylic_acid
20,phloridzin
21,2-trans-O-Feruloylglucaric acid
22,kaempferol_3-(p-coumaroyl-glucoside)
23,sinapic_acid_glucuronide
24,limonin_(17-beta-D-glucoside-)
25,narirutin
26,hesperidin
27,"apigenin_3,6-di-C-glucoside"
28,4-methoxyglucobrassicin
29,glucobrassicin
30,kaempferol-3-O-sophoroside
31,malic_acid
32,citric/isocitric_acid
33,gluconic_acid
34,1-O-sinapoyl-β-D-glucose
35,l-gulose
36,myricetin
37,quercetin
38,vanillic_acid
39,syringic_acid
40,p-coumaric_acid
41,4-hydroxybenzoic_acid
42,gallic_acid
43,cinnamic_acid
44,epicatechin
45,quercetin_3-glucuronide
46,kaempferol_4'-O-glucoside
47,Isorhamnetin-3-O-glucoside
48,naringenin
49,3-methyl_1-3-5-hexatriene
50,hexanal
51,2_5-dimethyl-1_5-hexadien-3-ol
52,2-heptanone
53,heptenal
54,tricyclene
55,(1R)alpha-phellandrene
56,(1R)alpha-pinene
57,camphene
58,"1,8-diphenyl-1,3,5,7-octatetraene"
59,beta-phellandrene
60,beta-pinene
61,6-methyl-5-hepten-2-one
62,beta-myrecene
63,octanal
64,(1S)alpha-phellandrene
65,(+)-3-carene
66,terpinolene
67,o-cymene
68,3-Carene
69,eucalyptol
70,2-heptanol_acetate
71,beta-ocimene
72,gamma-terpinene
73,(+)-4-carene
74,"2-ethylidene-6-methyl-3,5-heptadienal"
75,3-(4-methyl-3-pentenyl)-furan
76,isobomeol
77,(+)-2-bornanone
78,(±)-citronellal
79,Bicyclo_3.1.1_heptane
80,4_5-epoxycarene
81,(Z)-citral
82,geranial
83,(-)-bornyl_acetate
84,2-undecanone
85,(1S_5R)-myrtenyl_acetate
86,delta-elemene
87,citronellyl_acetate
88,cyclosativene
89,alpha-copaene
90,geranyl_acetate
91,beta-elemene
92,zingiberene
93,beta-caryophyllene
94,sesquiterpeno
95,(Z)-beta-farnesene
96,alpha-cedrene
97,(-)-alloaromadendrene
98,alpha-curcumene
99,alpha-zingiberene
100,gamma-cadinene
101,alpha-farnesene
102,(+)-epi-bicyclosesquiphellandrene
103,beta-cedrene
104,1_5-cyclodecadiene
105,3-Methylcyclopentanol
106,trans-2-Hexenal
107,1-hexanol
108,propanoic_acid
109,d-limonene
110,2_6-dimethyl-5-heptenal
111,1_6-octadien-3-ol
112,tetrahydro-4-methyl
113,dl-isopulegol
114,1-nonanol
115,"(+)-trans,trans-5-Caranol"
116,"(+)-trans,trans-5-caranol"
117,citronellol
118,7-Octenoic_acid
119,cyclohexanol-5-metil
120,2_6-dimethyl-2_cis-6-octadiene
121,trans-p-menthane-3_8-diol
122,citronellic_acid
123,propanoic_acid_2-methyl_2-phenylethyl_ester
124,cis-3-Methyl-2-(2-pentenyl)-2-cyclopenten-1-one
125,"2,8,8-Trimethyl-4-methylene-2-vinylbicyclo nonane"
126,delfinidin_3-O-glicoside
127,delphinidin_3-O-acetylglucoside
128,malvidin-3-(6-coumaroyl)-glicoside
129,malvidin_3-O-glicoside
130,peonidin_3-(6''-acetylglucoside)
131,peonidin_3-O-monoglucoside
132,petunidin_3-O-glicoside
133,delphinidin_3-O-p_coumaroyl_glucoside
134,cyanidin_3-O-coumaroylglucoside
135,"malvidin_3,5-diglucoside"
136,rutin
137,ferulic_acid
138,hesperetin
139,kaempferol
140,kaempferol_3-6-acetyl-glucoside
141,kaempferol-3-O-glucoside
142,petunidin-3-(6-coumaroyl)-glicoside
