compound_id,analytics_id,fragment_id,fragment_mz,fragment_intensity,compound_name
1,1,1,287.0548,0.0,cyanidin-3-(6'-malonylglucoside)
1,13,18,287.0552,0.0,cyanidin-3-(6'-malonylglucoside)
2,3,3,287.0548,0.0,kaempferol_3-glucuronide
2,20,31,258.0405,0.0,kaempferol_3-glucuronide
2,27,41,96.9587,4.0,kaempferol_3-glucuronide
2,27,42,284.0319,100.0,kaempferol_3-glucuronide
2,27,43,285.0384,48.0,kaempferol_3-glucuronide
2,27,44,446.9863,6.0,kaempferol_3-glucuronide
3,11,16,271.0597,0.0,pelargonidin_3-glucoside
4,12,17,271.0606,0.0,pelargonidin_3-O-rutinoside
5,4,4,135.0458,0.0,caffeic_acid
5,34,64,177.0205,100.0,caffeic_acid
6,5,5,191.0557,0.0,5-caffeoylquinic_acid
7,6,6,191.055,0.0,4-caffeoylquinic_acid
8,7,7,191.057,0.0,p-coumaroylquinic_acid
10,2,2,303.0498,0.0,quercitin_3-O-glucoside
10,8,8,300.0267,0.0,quercitin_3-O-glucoside
10,8,9,301.0317,0.0,quercitin_3-O-glucoside
12,9,10,301.0304,0.0,quercetin_3-(6''-acetylglucoside)
12,9,11,300.0291,0.0,quercetin_3-(6''-acetylglucoside)
12,9,12,149.0074,0.0,quercetin_3-(6''-acetylglucoside)
13,10,13,179.035,0.0,l-chicoric_acid
13,10,14,135.0455,0.0,l-chicoric_acid
13,10,15,161.0251,0.0,l-chicoric_acid
14,14,19,285.0393,0.0,luteolin
14,44,77,285.0391,100.0,luteolin
15,18,27,125.0238,0.0,epicatechin-(4beta->6)-epicatechin-(4beta->8)-catechin
15,18,28,289.072,0.0,epicatechin-(4beta->6)-epicatechin-(4beta->8)-catechin
15,18,29,287.0565,0.0,epicatechin-(4beta->6)-epicatechin-(4beta->8)-catechin
16,15,20,109.029,0.0,catechin
16,15,21,125.023,0.0,catechin
16,15,22,123.0438,0.0,catechin
16,15,23,203.0717,0.0,catechin
16,15,24,151.0396,0.0,catechin
16,37,67,0.0,0.0,catechin
17,17,26,301.0334,0.0,quercetin_4'-glucuronide
17,39,69,301.033,100.0,quercetin_4'-glucuronide
18,19,30,300.9991,0.0,ellagic_acid
18,53,91,0.0,0.0,ellagic_acid
19,22,33,93.0347,0.0,salicylic_acid
20,23,34,315.0874,0.0,phloridzin
22,24,35,285.0382,0.0,kaempferol_3-(p-coumaroyl-glucoside)
28,25,36,95.9525,38.0,4-methoxyglucobrassicin
28,25,37,96.9605,100.0,4-methoxyglucobrassicin
29,26,38,79.9572,10.0,glucobrassicin
29,26,39,95.9521,50.0,glucobrassicin
29,26,40,96.9602,100.0,glucobrassicin
31,28,45,71.0158,10.0,malic_acid
31,28,46,115.0037,100.0,malic_acid
32,29,47,85.0296,25.0,citric/isocitric_acid
32,29,48,87.0092,55.0,citric/isocitric_acid
32,29,49,111.0089,100.0,citric/isocitric_acid
32,29,50,129.0189,5.0,citric/isocitric_acid
32,30,51,85.0299,29.0,citric/isocitric_acid
32,30,52,87.0091,55.0,citric/isocitric_acid
32,30,53,111.0088,100.0,citric/isocitric_acid
32,30,54,129.0193,7.0,citric/isocitric_acid
34,31,55,164.0483,6.0,1-O-sinapoyl-β-D-glucose
34,31,56,190.027,48.0,1-O-sinapoyl-β-D-glucose
34,31,57,205.0506,100.0,1-O-sinapoyl-β-D-glucose
34,31,58,223.061,4.0,1-O-sinapoyl-β-D-glucose
35,32,59,78.9609,30.0,l-gulose
35,32,60,87.0144,12.0,l-gulose
35,32,61,96.96,100.0,l-gulose
35,32,62,101.0233,17.0,l-gulose
36,42,74,317.0227,100.0,myricetin
36,42,75,151.0023,69.0,myricetin
37,51,89,0.0,0.0,quercetin
38,52,90,0.0,0.0,vanillic_acid
39,54,92,0.0,0.0,syringic_acid
40,35,65,0.0,0.0,p-coumaric_acid
40,55,93,0.0,0.0,p-coumaric_acid
41,56,94,0.0,0.0,4-hydroxybenzoic_acid
42,33,63,125.024,100.0,gallic_acid
43,36,66,142.7671,100.0,cinnamic_acid
44,16,25,109.0278,0.0,epicatechin
44,38,68,0.0,0.0,epicatechin
47,41,72,301.0469,100.0,Isorhamnetin-3-O-glucoside
47,41,73,151.0038,70.0,Isorhamnetin-3-O-glucoside
48,43,76,0.0,0.0,naringenin
127,48,84,181.0484,13.0,delphinidin_3-O-acetylglucoside
128,50,87,331.0809,100.0,malvidin-3-(6-coumaroyl)-glicoside
128,50,88,332.0809,13.0,malvidin-3-(6-coumaroyl)-glicoside
129,45,78,331.0809,100.0,malvidin_3-O-glicoside
129,45,79,332.0842,17.0,malvidin_3-O-glicoside
132,46,80,317.0652,100.0,petunidin_3-O-glicoside
132,46,81,318.0685,18.0,petunidin_3-O-glicoside
132,47,82,301.0701,100.0,petunidin_3-O-glicoside
132,47,83,302.0734,12.0,petunidin_3-O-glicoside
140,21,32,285.0396,0.0,kaempferol_3-6-acetyl-glucoside
141,40,70,284.0636,100.0,kaempferol-3-O-glucoside
141,40,71,85.091,72.0,kaempferol-3-O-glucoside
142,49,85,301.0703,100.0,petunidin-3-(6-coumaroyl)-glicoside
142,49,86,302.0744,12.0,petunidin-3-(6-coumaroyl)-glicoside
